Workbook

Sheet Introduction
A1: Demo workbook (test fixture)
A2: Author: | B2: [name of the author]
A3: Product: | B3: [name of the product]
A4: Date: | B4: [date of completion] | C4: =IF(ISNUMBER(B4), TEXT(B4, "YYYY-MM-DD"), "")
A5: Description

Sheet Scoping
A1: Question | B1: Answer | C1: =IF(OR(B2, B3), "In scope", "Out of scope") -> #VALUE!
A2: Connected
A3: Updates

Sheet Inventory
A1: Asset | B1: Type | C1: Stored | D1: Description | E1: Check
E2: =IF(A2="", "", A2&" ("&B2&")")
E3: =IF(A3="", "", A3&" ("&B3&")")
E4: =IF(A4="", "", A4&" ("&B4&")")
E5: =IF(A5="", "", A5&" ("&B5&")")
E6: =IF(A6="", "", A6&" ("&B6&")")

Sheet Interfaces
A1: Interface | B1: Kind

Sheet Mapping
A1: Mark x where an asset is accessible via an interface | B1: =IF(Interfaces!A2="", "", Interfaces!A2) | C1: =IF(Interfaces!A3="", "", Interfaces!A3) | D1: =IF(Interfaces!A4="", "", Interfaces!A4)
A2: =IF(Inventory!A2="", "", Inventory!A2)
A3: =IF(Inventory!A3="", "", Inventory!A3)
A4: =IF(Inventory!A4="", "", Inventory!A4)
A5: =IF(Inventory!A5="", "", Inventory!A5)
A6: =IF(Inventory!A6="", "", Inventory!A6)

Sheet Walks
A1: Asset | B1: E.Info.DT.ACC-1 | C1: Verdict | D1: E.Just | E1: E.Info text | F1: Items
A2: =IF(Inventory!A2="", "", Inventory!A2) | F2: =IF(B2="DT.ACC-1.DN-9", "E.Info.ACC-1.Asset", "")
A3: =IF(Inventory!A3="", "", Inventory!A3) | F3: =IF(B3="DT.ACC-1.DN-9", "E.Info.ACC-1.Asset", "")
A4: =IF(Inventory!A4="", "", Inventory!A4) | F4: =IF(B4="DT.ACC-1.DN-9", "E.Info.ACC-1.Asset", "")
A5: =IF(Inventory!A5="", "", Inventory!A5) | F5: =IF(B5="DT.ACC-1.DN-9", "E.Info.ACC-1.Asset", "")
A6: =IF(Inventory!A6="", "", Inventory!A6) | F6: =IF(B6="DT.ACC-1.DN-9", "E.Info.ACC-1.Asset", "")

Sheet Risks
A1: Threat | B1: S | C1: T | D1: Impact | E1: Likelihood | F1: Score | G1: Remediation
A2: Example: Ransomware | B2: x | D2: 5 | E2: 3 | F2: =IF(OR(D2="", E2=""), "", D2*E2) -> 15 | G2: Signed updates
F3: =IF(OR(D3="", E3=""), "", D3*E3)
F4: =IF(OR(D4="", E4=""), "", D4*E4)
